,Predictions,Actuals
1,22.211832,16.0
2,27.83229,14.0
3,31.757427,24.0
4,40.940826,16.0
5,34.12496,24.0
6,38.45849,48.0
7,48.174896,44.0
8,45.214817,46.0
9,42.005257,54.0
10,39.24312,43.0
11,31.664032,33.0
12,36.196735,21.0
