,Predictions,Actuals
1,32.742863,16.0
2,39.051792,14.0
3,33.86943,24.0
4,33.777428,16.0
5,40.590946,24.0
6,44.478306,48.0
7,51.55388,44.0
8,41.018265,46.0
9,44.78467,54.0
10,39.557827,43.0
11,31.234594,33.0
12,28.060192,21.0
