,Predictions,Actuals
1,20.123562,16.0
2,22.406971,14.0
3,34.591995,24.0
4,25.57148,16.0
5,45.36896,24.0
6,32.648827,48.0
7,35.453583,44.0
8,49.10159,46.0
9,23.354254,54.0
10,32.948456,43.0
11,40.743347,33.0
12,25.042768,21.0
