,Predictions,Actuals
1,20.145708,16.0
2,23.395548,14.0
3,33.64569,24.0
4,26.199594,16.0
5,39.895523,24.0
6,34.229603,48.0
7,35.427917,44.0
8,51.45342,46.0
9,30.194876,54.0
10,29.24287,43.0
11,41.645607,33.0
12,20.552979,21.0
